subject,session,readable,n_channels,sfreq,missing_reference,has_cz,configured_ecg_present,ecg_typed,ecg_typed_as_eeg
1,1,True,63,500.0,,False,True,ECG1,
1,2,True,63,500.0,,False,True,ECG1,
1,3,True,63,500.0,,False,True,ECG1,
2,1,True,63,500.0,,False,True,ECG1,
2,2,True,63,500.0,,False,True,ECG1,
2,3,True,63,500.0,,False,True,ECG1,
3,1,True,63,500.0,,False,True,ECG1,
3,2,True,63,500.0,,False,True,ECG1,
3,3,True,63,500.0,,False,True,ECG1,
4,1,True,63,500.0,,False,True,ECG1,
4,2,True,63,500.0,,False,True,ECG1,
4,3,True,63,500.0,,False,True,ECG1,
5,1,True,63,500.0,,False,True,ECG1,
5,2,True,63,500.0,,False,True,ECG1,
5,3,True,63,500.0,,False,True,ECG1,
6,1,True,63,500.0,,False,True,ECG1,
6,2,True,63,500.0,,False,True,ECG1,
6,3,True,63,500.0,,False,True,ECG1,
7,1,True,63,500.0,,False,True,ECG1,
7,2,True,63,500.0,,False,True,ECG1,
7,3,True,63,500.0,,False,True,ECG1,
8,1,True,63,500.0,,False,True,ECG1,
8,2,True,63,500.0,,False,True,ECG1,
8,3,True,63,500.0,,False,True,ECG1,
9,1,True,63,500.0,,False,True,ECG1,
9,2,True,63,500.0,,False,True,ECG1,
9,3,True,63,500.0,,False,True,ECG1,
10,1,True,64,500.0,,True,True,ECG1,
10,2,True,64,500.0,,True,True,ECG1,
10,3,True,64,500.0,,True,True,ECG1,
11,1,True,64,500.0,,True,True,ECG1,
11,2,True,64,500.0,,True,True,ECG1,
11,3,True,64,500.0,,True,True,ECG1,
12,1,True,64,500.0,,True,True,ECG1,
12,2,True,64,500.0,,True,True,ECG1,
12,3,True,64,500.0,,True,True,ECG1,
13,1,True,64,500.0,,True,True,ECG1,
13,2,True,64,500.0,,True,True,ECG1,
13,3,True,64,500.0,,True,True,ECG1,
14,1,True,64,500.0,,True,True,ECG1,
14,2,True,64,500.0,,True,True,ECG1,
14,3,True,64,500.0,,True,True,ECG1,
15,1,True,64,500.0,,True,True,ECG1,
15,2,True,64,500.0,,True,True,ECG1,
15,3,True,64,500.0,,True,True,ECG1,
16,1,True,64,500.0,,True,True,ECG1,
16,2,True,64,500.0,,True,True,ECG1,
16,3,True,64,500.0,,True,True,ECG1,
17,1,True,64,500.0,,True,True,ECG1,
17,2,True,64,500.0,,True,True,ECG1,
17,3,True,64,500.0,,True,True,ECG1,
18,1,True,64,500.0,,True,True,ECG1,
18,2,True,64,500.0,,True,True,ECG1,
18,3,True,64,500.0,,True,True,ECG1,
19,1,True,64,500.0,,True,True,ECG1,
19,2,True,64,500.0,,True,True,ECG1,
19,3,True,64,500.0,,True,True,ECG1,
20,1,True,64,500.0,,True,True,ECG1,
20,2,True,64,500.0,,True,True,ECG1,
20,3,True,64,500.0,,True,True,ECG1,
21,1,True,64,500.0,,True,True,ECG1,
21,2,True,64,500.0,,True,True,ECG1,
21,3,True,64,500.0,,True,True,ECG1,
22,1,True,64,500.0,,True,True,ECG1,
22,2,True,64,500.0,,True,True,ECG1,
22,3,True,64,500.0,,True,True,ECG1,
23,1,True,64,500.0,,True,True,ECG1,
23,2,True,64,500.0,,True,True,ECG1,
23,3,True,64,500.0,,True,True,ECG1,
24,1,True,64,500.0,,True,True,ECG1,
24,2,True,64,500.0,,True,True,ECG1,
24,3,True,64,500.0,,True,True,ECG1,
25,1,True,64,500.0,,True,True,ECG1,
25,2,True,64,500.0,,True,True,ECG1,
25,3,True,64,500.0,,True,True,ECG1,
26,1,True,64,500.0,,True,True,ECG1,
26,2,True,64,500.0,,True,True,ECG1,
26,3,True,64,500.0,,True,True,ECG1,
27,1,True,64,500.0,,True,True,ECG1,
27,2,True,64,500.0,,True,True,ECG1,
27,3,True,64,500.0,,True,True,ECG1,
28,1,True,64,500.0,,True,True,ECG1,
28,2,True,64,500.0,,True,True,ECG1,
28,3,True,64,500.0,,True,True,ECG1,
29,1,True,64,500.0,,True,True,ECG1,
29,2,True,64,500.0,,True,True,ECG1,
29,3,True,64,500.0,,True,True,ECG1,
