statistic,threshold,channels_per_task,abs_error
log_variance,2.0,3.5,3.16
log_variance,2.25,2.3666666666666667,2.026666666666667
log_variance,2.5,1.4666666666666666,1.1266666666666665
log_variance,2.75,0.9666666666666667,0.6266666666666667
log_variance,3.0,0.75,0.41
log_variance,3.25,0.6333333333333333,0.2933333333333333
log_variance,3.5,0.5333333333333333,0.1933333333333333
log_variance,3.75,0.4,0.06
log_variance,4.0,0.3333333333333333,0.00666666666666671
log_variance,4.25,0.18333333333333332,0.1566666666666667
log_variance,4.5,0.15,0.19000000000000003
log_variance,4.75,0.11666666666666667,0.22333333333333336
log_variance,5.0,0.1,0.24000000000000002
log_variance,5.25,0.08333333333333333,0.2566666666666667
log_variance,5.5,0.08333333333333333,0.2566666666666667
log_variance,5.75,0.05,0.29000000000000004
log_variance,6.0,0.0,0.34
log_variance,6.25,0.0,0.34
log_variance,6.5,0.0,0.34
log_variance,6.75,0.0,0.34
log_variance,7.0,0.0,0.34
log_variance,7.25,0.0,0.34
log_variance,7.5,0.0,0.34
log_variance,7.75,0.0,0.34
log_variance,8.0,0.0,0.34
kurtosis,2.0,3.3,2.96
kurtosis,2.25,2.466666666666667,2.126666666666667
kurtosis,2.5,1.9833333333333334,1.6433333333333333
kurtosis,2.75,1.4666666666666666,1.1266666666666665
kurtosis,3.0,1.1666666666666667,0.8266666666666667
kurtosis,3.25,0.9833333333333333,0.6433333333333333
kurtosis,3.5,0.8166666666666667,0.4766666666666666
kurtosis,3.75,0.6666666666666666,0.3266666666666666
kurtosis,4.0,0.55,0.21000000000000002
kurtosis,4.25,0.45,0.10999999999999999
kurtosis,4.5,0.4166666666666667,0.07666666666666666
kurtosis,4.75,0.36666666666666664,0.026666666666666616
kurtosis,5.0,0.3333333333333333,0.00666666666666671
kurtosis,5.25,0.3333333333333333,0.00666666666666671
kurtosis,5.5,0.23333333333333334,0.10666666666666669
kurtosis,5.75,0.2,0.14
kurtosis,6.0,0.2,0.14
kurtosis,6.25,0.16666666666666666,0.17333333333333337
kurtosis,6.5,0.16666666666666666,0.17333333333333337
kurtosis,6.75,0.11666666666666667,0.22333333333333336
kurtosis,7.0,0.1,0.24000000000000002
kurtosis,7.25,0.1,0.24000000000000002
kurtosis,7.5,0.1,0.24000000000000002
kurtosis,7.75,0.05,0.29000000000000004
kurtosis,8.0,0.0,0.34
