accuracy,accuracy_sd,balanced_accuracy,n_epochs,n_per_class,subject,session,task,band,n_sessions
50.73593073593074,7.0118005113845125,50.74402944170385,662,219|223|220,1,0,nback,theta,3
52.70562770562771,5.654920943187018,52.788896719129276,662,219|223|220,1,0,nback,alpha,3
64.78751542937754,4.163101297199786,64.86243386243386,531,177|177|177,1,0,matb,theta,3
59.87832833715394,4.102812495602059,59.88888888888889,531,177|177|177,1,0,matb,alpha,3
44.7858064516129,4.4742508078295256,44.777390631049165,623,210|205|208,2,0,nback,theta,3
55.843870967741935,3.8371260490550916,55.75687185443282,623,210|205|208,2,0,nback,alpha,3
60.83406806559689,2.171110521210964,60.873015873015866,531,177|177|177,2,0,matb,theta,3
60.086404514195024,4.075709948876347,60.13227513227514,531,177|177|177,2,0,matb,alpha,3
33.65290322580645,2.7111897469400024,33.555803149393626,624,208|204|212,3,0,nback,theta,3
36.53290322580645,3.0827629268672974,36.50739630319892,624,208|204|212,3,0,nback,alpha,3
43.884676423911124,2.967535147820506,43.952380952380956,531,177|177|177,3,0,matb,theta,3
44.45071415976018,2.7200930125648624,44.507936507936506,531,177|177|177,3,0,matb,alpha,3
48.12056737588652,10.298984405010971,47.616013071895416,239,79|78|82,4,0,nback,theta,1
48.10283687943262,8.65887451356456,47.8562091503268,239,79|78|82,4,0,nback,alpha,1
63.23809523809524,6.936053888012621,63.18181818181819,177,59|59|59,4,0,matb,theta,1
66.06349206349206,4.665856748635842,65.85858585858585,177,59|59|59,4,0,matb,alpha,1
45.156794425087114,10.040151626424208,45.51159951159952,208,66|72|70,5,0,nback,theta,1
56.329849012775846,9.180301241399592,56.61538461538462,208,66|72|70,5,0,nback,alpha,1
77.95238095238096,3.3455558229048195,78.13131313131314,177,59|59|59,5,0,matb,theta,1
80.84126984126983,4.6482738718154675,80.90909090909092,177,59|59|59,5,0,matb,alpha,1
