task,measure,n,F_difficulty,df1_difficulty,df2_difficulty,p_difficulty,F_session,df1_session,df2_session,p_session,part
nback,rsme,27,55.556834138641484,2.0,52.0,1.2340640811564137e-13,3.5180172167997363,2.0,52.0,0.03690118583280389,A
matb,rsme,27,92.73036343833714,2.0,52.0,7.090883009104699e-18,17.14864786953992,2.0,52.0,1.9061632053417167e-06,A
nback,error_rate,29,193.81638880033782,2.0,56.0,6.801476777313559e-26,2.9933876672305004,2.0,56.0,0.05819578357542791,A
matb,track_rms,29,416.07424762507225,2.0,56.0,2.4641571138863404e-34,28.70109759804223,2.0,56.0,2.629443436862481e-09,A
matb,sysmon_rt_mean,29,62.18503508599062,2.0,56.0,5.9794257513435415e-15,15.171140494440477,2.0,56.0,5.432581643209571e-06,A
nback,logpower_theta_frontal,29,1.4648709430648967,2.0,56.0,0.239826775085525,1.799534796856485,2.0,56.0,0.17480720005277273,B
nback,logpower_theta_central,29,5.569345649412386,2.0,56.0,0.006223351829148615,4.90863896246696,2.0,56.0,0.010857931241385031,B
nback,logpower_theta_posterior,29,4.1469794599873095,2.0,56.0,0.020917031045832823,0.21952212833426768,2.0,56.0,0.8035900203962681,B
nback,logpower_alpha_frontal,29,15.764087706357317,2.0,56.0,3.7078678340446214e-06,4.48818733246341,2.0,56.0,0.015563648642667778,B
nback,logpower_alpha_central,29,26.82685226651816,2.0,56.0,6.739258576136767e-09,1.8486976415037237,2.0,56.0,0.16692218034747275,B
nback,logpower_alpha_posterior,29,28.61890735326771,2.0,56.0,2.7384406072299147e-09,1.3737068167229467,2.0,56.0,0.26156505093481264,B
matb,logpower_theta_frontal,29,89.53476136673974,2.0,56.0,3.595569106946557e-18,0.6235557460807246,2.0,56.0,0.5397150888256057,B
matb,logpower_theta_central,29,38.57308433178028,2.0,56.0,2.938068287418628e-11,0.47690284368632,2.0,56.0,0.6232004790757009,B
matb,logpower_theta_posterior,29,84.57653608934774,2.0,56.0,1.2019438897626636e-17,0.974845165321485,2.0,56.0,0.3835600875351734,B
matb,logpower_alpha_frontal,29,18.527389076283526,2.0,56.0,6.677006053091418e-07,0.236713957923363,2.0,56.0,0.7900026622041362,B
matb,logpower_alpha_central,29,0.7111857793409052,2.0,56.0,0.49544249725600215,0.001570974929727344,2.0,56.0,0.9984303024053864,B
matb,logpower_alpha_posterior,29,7.028476775799947,2.0,56.0,0.0018907312977404084,0.6179973180388869,2.0,56.0,0.5426579821544653,B
