task,measure,n,F_difficulty,df1_difficulty,df2_difficulty,p_difficulty,F_session,df1_session,df2_session,p_session,band,roi,roi_set,reject
nback,logpower_theta_frontal_full_none,7,1.6691827401452928,2.0,12.0,0.22930471513971065,1.6849992121457578,2.0,12.0,0.22648765667404647,theta,frontal,full,none
nback,logpower_theta_central_full_none,7,0.3020150823506728,2.0,12.0,0.7447849170659625,0.830647727544463,2.0,12.0,0.4593420161843029,theta,central,full,none
nback,logpower_theta_posterior_full_none,7,1.995099545197923,2.0,12.0,0.1786340520977757,0.8514926290785051,2.0,12.0,0.4510205531222114,theta,posterior,full,none
nback,logpower_alpha_frontal_full_none,7,6.170840156746603,2.0,12.0,0.014354370442047916,1.742059827039057,2.0,12.0,0.21665482438169803,alpha,frontal,full,none
nback,logpower_alpha_central_full_none,7,5.665420053268352,2.0,12.0,0.018514211144014685,1.0543764798548108,2.0,12.0,0.37857828660235615,alpha,central,full,none
nback,logpower_alpha_posterior_full_none,7,3.237419019158805,2.0,12.0,0.07509372320592099,0.9155663662014722,2.0,12.0,0.42652155278636666,alpha,posterior,full,none
matb,logpower_theta_frontal_full_none,7,11.83729392520898,2.0,12.0,0.0014485506651933599,1.3784817008553427,2.0,12.0,0.2891382013634609,theta,frontal,full,none
matb,logpower_theta_central_full_none,7,7.2281752754372715,2.0,12.0,0.008707788213347513,1.2987539882458128,2.0,12.0,0.3086136626900814,theta,central,full,none
matb,logpower_theta_posterior_full_none,7,16.155950422940844,2.0,12.0,0.0003944256902419334,0.6211332147081307,2.0,12.0,0.5537497554523213,theta,posterior,full,none
matb,logpower_alpha_frontal_full_none,7,8.05543987695658,2.0,12.0,0.006051190866756713,1.165574216397951,2.0,12.0,0.34466843425999283,alpha,frontal,full,none
matb,logpower_alpha_central_full_none,7,5.127744859546668,2.0,12.0,0.02457336013819865,0.8459951942338613,2.0,12.0,0.4531979771190432,alpha,central,full,none
matb,logpower_alpha_posterior_full_none,7,8.196512708336408,2.0,12.0,0.005699246602992408,0.46739946041451663,2.0,12.0,0.6375722199033154,alpha,posterior,full,none
nback,logpower_theta_frontal_full_ptp150,6,1.7418877937538666,2.0,10.0,0.22435844463147142,1.593300152749646,2.0,10.0,0.25080476701271975,theta,frontal,full,ptp150
nback,logpower_theta_central_full_ptp150,6,0.5443751825388145,2.0,10.0,0.5964677502253771,1.142757694153223,2.0,10.0,0.3573000679608753,theta,central,full,ptp150
nback,logpower_theta_posterior_full_ptp150,6,1.8642782450565196,2.0,10.0,0.20505748408391677,0.8704220996143276,2.0,10.0,0.4482325332427466,theta,posterior,full,ptp150
nback,logpower_alpha_frontal_full_ptp150,6,5.88053636470141,2.0,10.0,0.020492667699277753,1.6524814375887769,2.0,10.0,0.23984554970386843,alpha,frontal,full,ptp150
nback,logpower_alpha_central_full_ptp150,6,7.8916497296895525,2.0,10.0,0.00877622070331034,1.1344102922719224,2.0,10.0,0.3597376741207068,alpha,central,full,ptp150
nback,logpower_alpha_posterior_full_ptp150,6,3.443207318411118,2.0,10.0,0.07283041008284627,1.001954646656071,2.0,10.0,0.40122360408312197,alpha,posterior,full,ptp150
matb,logpower_theta_frontal_full_ptp150,4,5.3498303094435595,2.0,6.0,0.04638000759970081,1.5498569451753939,2.0,6.0,0.28666227177459475,theta,frontal,full,ptp150
matb,logpower_theta_central_full_ptp150,4,4.466081218619005,2.0,6.0,0.06487623437578381,1.5596101156871642,2.0,6.0,0.284826660998014,theta,central,full,ptp150
matb,logpower_theta_posterior_full_ptp150,4,19.326546817063505,2.0,6.0,0.0024260463429173723,1.1096985939931985,2.0,6.0,0.3889858905628375,theta,posterior,full,ptp150
matb,logpower_alpha_frontal_full_ptp150,4,3.1003937278996063,2.0,6.0,0.11892965704044829,1.2893660438680632,2.0,6.0,0.34212470492818803,alpha,frontal,full,ptp150
matb,logpower_alpha_central_full_ptp150,4,3.9978954891108294,2.0,6.0,0.0787882415378321,1.2022804252404886,2.0,6.0,0.36383851751156937,alpha,central,full,ptp150
matb,logpower_alpha_posterior_full_ptp150,4,6.70648331653394,2.0,6.0,0.02952419240595954,0.9511414407717594,2.0,6.0,0.43771964102102484,alpha,posterior,full,ptp150
nback,logpower_theta_frontal_full_ptp300,6,1.4761935694193076,2.0,10.0,0.2743158591107193,1.528246377021842,2.0,10.0,0.26355262107388466,theta,frontal,full,ptp300
nback,logpower_theta_central_full_ptp300,6,0.3112610802862711,2.0,10.0,0.7393699081174195,1.106284896423749,2.0,10.0,0.3680990585690758,theta,central,full,ptp300
nback,logpower_theta_posterior_full_ptp300,6,1.4292312555101325,2.0,10.0,0.28448199502468435,0.7923277117446036,2.0,10.0,0.47927458207257145,theta,posterior,full,ptp300
nback,logpower_alpha_frontal_full_ptp300,6,4.4038053614810035,2.0,10.0,0.04249441586663875,1.5577573868755303,2.0,10.0,0.2576755994748714,alpha,frontal,full,ptp300
nback,logpower_alpha_central_full_ptp300,6,4.558674433004585,2.0,10.0,0.03916171228574443,1.09785021736904,2.0,10.0,0.37065192428739085,alpha,central,full,ptp300
nback,logpower_alpha_posterior_full_ptp300,6,2.2332427470279352,2.0,10.0,0.15782827887389475,0.892150274531125,2.0,10.0,0.4400286443396105,alpha,posterior,full,ptp300
matb,logpower_theta_frontal_full_ptp300,7,10.297660793999976,2.0,12.0,0.0024897506544527344,1.7989676274128457,2.0,12.0,0.20734081269148055,theta,frontal,full,ptp300
matb,logpower_theta_central_full_ptp300,7,6.219551240663062,2.0,12.0,0.014014446858751832,1.367899564403363,2.0,12.0,0.2916388113351746,theta,central,full,ptp300
matb,logpower_theta_posterior_full_ptp300,7,14.19714357375041,2.0,12.0,0.0006873339343481766,0.6481957053375869,2.0,12.0,0.5403619118855882,theta,posterior,full,ptp300
matb,logpower_alpha_frontal_full_ptp300,7,7.300638446508734,2.0,12.0,0.008426991843724729,1.352627833367478,2.0,12.0,0.2952922158600587,alpha,frontal,full,ptp300
matb,logpower_alpha_central_full_ptp300,7,4.623475754434727,2.0,12.0,0.03245695070751839,0.9210936107573745,2.0,12.0,0.4244818862584717,alpha,central,full,ptp300
matb,logpower_alpha_posterior_full_ptp300,7,7.753853162294656,2.0,12.0,0.006892252848970844,0.5121127728673139,2.0,12.0,0.6117528841152781,alpha,posterior,full,ptp300
nback,logpower_theta_frontal_subset_none,7,0.47370386271451753,2.0,12.0,0.633855888198668,0.9035837179776349,2.0,12.0,0.4309827892680413,theta,frontal,subset,none
nback,logpower_theta_central_subset_none,7,1.9337521820068861,2.0,12.0,0.18708359973278912,1.103737831235172,2.0,12.0,0.3630663103122993,theta,central,subset,none
nback,logpower_theta_posterior_subset_none,7,2.9732515988890524,2.0,12.0,0.08937343134798544,0.7588581976724876,2.0,12.0,0.489403975230374,theta,posterior,subset,none
nback,logpower_alpha_frontal_subset_none,7,6.423729197661862,2.0,12.0,0.012688072271958426,1.246281363799845,2.0,12.0,0.32226737647069875,alpha,frontal,subset,none
nback,logpower_alpha_central_subset_none,7,7.196587413398929,2.0,12.0,0.00883359876791938,1.3019437888041905,2.0,12.0,0.307805651891286,alpha,central,subset,none
nback,logpower_alpha_posterior_subset_none,7,5.884112348381674,2.0,12.0,0.016561779923891896,0.7498495361887731,2.0,12.0,0.49333616214163606,alpha,posterior,subset,none
matb,logpower_theta_frontal_subset_none,7,15.645936170496434,2.0,12.0,0.00045357515902497034,0.8213538986720791,2.0,12.0,0.4631098431764932,theta,frontal,subset,none
matb,logpower_theta_central_subset_none,7,5.884561153704327,2.0,12.0,0.016558027670943325,1.0214893456157321,2.0,12.0,0.38934271694298905,theta,central,subset,none
matb,logpower_theta_posterior_subset_none,7,16.26943584317747,2.0,12.0,0.0003825182953847054,0.5102275786799653,2.0,12.0,0.6128165411242498,theta,posterior,subset,none
matb,logpower_alpha_frontal_subset_none,7,6.574584978699159,2.0,12.0,0.011801726375694146,0.6892477152719915,2.0,12.0,0.5207674465260057,alpha,frontal,subset,none
matb,logpower_alpha_central_subset_none,7,3.050357203591765,2.0,12.0,0.08490107308970554,0.8254998380295857,2.0,12.0,0.46142459337995695,alpha,central,subset,none
matb,logpower_alpha_posterior_subset_none,7,5.491736670102598,2.0,12.0,0.020257857325684223,0.4201735097893648,2.0,12.0,0.6662341808602616,alpha,posterior,subset,none
nback,logpower_theta_frontal_subset_ptp150,6,0.702074604012637,2.0,10.0,0.5184245338231388,0.9533271199537249,2.0,10.0,0.4178797140401189,theta,frontal,subset,ptp150
nback,logpower_theta_central_subset_ptp150,6,1.884314247973841,2.0,10.0,0.2020908218407041,0.983373792267199,2.0,10.0,0.40749224435495346,theta,central,subset,ptp150
nback,logpower_theta_posterior_subset_ptp150,6,2.3398158651705785,2.0,10.0,0.1466980015033829,0.7270411329357183,2.0,10.0,0.5072224997308279,theta,posterior,subset,ptp150
nback,logpower_alpha_frontal_subset_ptp150,6,5.890916641644361,2.0,10.0,0.020395194516979884,1.274488882711231,2.0,10.0,0.32133516220085895,alpha,frontal,subset,ptp150
nback,logpower_alpha_central_subset_ptp150,6,8.415020104338245,2.0,10.0,0.007192723777231171,1.152993745423849,2.0,10.0,0.3543379380069794,alpha,central,subset,ptp150
nback,logpower_alpha_posterior_subset_ptp150,6,4.815222900914048,2.0,10.0,0.034304349463426594,0.7512189123021011,2.0,10.0,0.4966501008358434,alpha,posterior,subset,ptp150
matb,logpower_theta_frontal_subset_ptp150,4,8.59959372069648,2.0,6.0,0.017299574826922355,1.0881285081693455,2.0,6.0,0.395175623039143,theta,frontal,subset,ptp150
matb,logpower_theta_central_subset_ptp150,4,3.75067029459571,2.0,6.0,0.08776534654133587,1.347036386562663,2.0,6.0,0.3286880673882848,theta,central,subset,ptp150
matb,logpower_theta_posterior_subset_ptp150,4,13.13608866548886,2.0,6.0,0.006426417688940999,0.660324585871804,2.0,6.0,0.5505603955780232,theta,posterior,subset,ptp150
matb,logpower_alpha_frontal_subset_ptp150,4,2.983200665346809,2.0,6.0,0.1260558655025139,0.9784907085705249,2.0,6.0,0.42875452815501947,alpha,frontal,subset,ptp150
matb,logpower_alpha_central_subset_ptp150,4,1.013782464582921,2.0,6.0,0.4175440220606293,1.3455334504885563,2.0,6.0,0.3290292232198794,alpha,central,subset,ptp150
matb,logpower_alpha_posterior_subset_ptp150,4,5.512559280007122,2.0,6.0,0.04377068228319439,0.5248462123608144,2.0,6.0,0.6165144259862366,alpha,posterior,subset,ptp150
nback,logpower_theta_frontal_subset_ptp300,6,0.4930604497986932,2.0,10.0,0.6248533894003566,0.9139275606300586,2.0,10.0,0.43198634474077924,theta,frontal,subset,ptp300
nback,logpower_theta_central_subset_ptp300,6,1.5294492048515602,2.0,10.0,0.2633099576861617,0.9803707336666462,2.0,10.0,0.4085163888037958,theta,central,subset,ptp300
nback,logpower_theta_posterior_subset_ptp300,6,1.9989745059028878,2.0,10.0,0.18607068814775346,0.6816225041388093,2.0,10.0,0.5278227997036004,theta,posterior,subset,ptp300
nback,logpower_alpha_frontal_subset_ptp300,6,4.1447767350356886,2.0,10.0,0.048863490537294434,1.221481168874796,2.0,10.0,0.3352594799167494,alpha,frontal,subset,ptp300
nback,logpower_alpha_central_subset_ptp300,6,6.313258777391282,2.0,10.0,0.01686209049094397,1.139860024307406,2.0,10.0,0.3581439921975277,alpha,central,subset,ptp300
nback,logpower_alpha_posterior_subset_ptp300,6,3.8651041433081437,2.0,10.0,0.057073014565394306,0.6914264808382019,2.0,10.0,0.5232923316611154,alpha,posterior,subset,ptp300
matb,logpower_theta_frontal_subset_ptp300,7,13.175933677104776,2.0,12.0,0.0009383576275809499,0.8909680590782645,2.0,12.0,0.435738647445995,theta,frontal,subset,ptp300
matb,logpower_theta_central_subset_ptp300,7,4.793798666731799,2.0,12.0,0.029502690548053396,1.0558874215473175,2.0,12.0,0.37809213634553634,theta,central,subset,ptp300
matb,logpower_theta_posterior_subset_ptp300,7,14.39449769143784,2.0,12.0,0.0006483797201192491,0.5252320057037274,2.0,12.0,0.6044101599973486,theta,posterior,subset,ptp300
matb,logpower_alpha_frontal_subset_ptp300,7,5.952652666286298,2.0,12.0,0.0160000634720529,0.7873485582591314,2.0,12.0,0.4772067596870479,alpha,frontal,subset,ptp300
matb,logpower_alpha_central_subset_ptp300,7,2.5347590751726434,2.0,12.0,0.12071462952721296,0.8599367136653956,2.0,12.0,0.4476997454429365,alpha,central,subset,ptp300
matb,logpower_alpha_posterior_subset_ptp300,7,5.366198904788609,2.0,12.0,0.021637943954749533,0.43682482626997193,2.0,12.0,0.6559600052971554,alpha,posterior,subset,ptp300
