task,component,estimate,ci_lo,ci_hi,n_draws_ok,n_draws
nback,subject_intercept,160.7193394757676,72.68685574053697,256.80379434260954,2000,2000
nback,subject_slope,35.07069872736357,6.667481539724403,62.0672392959436,2000,2000
nback,session,6.011304396280707,0.022449452382674095,30.686082869477257,2000,2000
nback,residual,167.2981803623038,117.52750931889673,225.69538845464947,2000,2000
nback,icc_subject,0.43543632401941085,0.2401753374883446,0.5759430992973968,2000,2000
matb,subject_intercept,244.19170233828163,93.15515332537055,399.06271506045823,2000,2000
matb,subject_slope,48.51314399756659,18.06363567503197,75.08562572502214,2000,2000
matb,session,42.757828953757986,16.045140117680827,86.96522118893566,2000,2000
matb,residual,173.69542265696657,110.3579061323936,263.54659957890453,2000,2000
matb,icc_subject,0.47959897588411776,0.23230608318857449,0.6463138218734796,2000,2000
