subject,session,condition,task,difficulty,eeg_set,eeg_fdt,behavioural,eeg_path
1,1,zero_back,nback,0,True,True,True,sub-01\ses-S1\eeg\zeroBACK.set
1,1,one_back,nback,1,True,True,True,sub-01\ses-S1\eeg\oneBACK.set
1,1,two_back,nback,2,True,True,True,sub-01\ses-S1\eeg\twoBACK.set
1,1,matb_easy,matb,0,True,True,True,sub-01\ses-S1\eeg\MATBeasy.set
1,1,matb_medium,matb,1,True,True,True,sub-01\ses-S1\eeg\MATBmed.set
1,1,matb_difficult,matb,2,True,True,True,sub-01\ses-S1\eeg\MATBdiff.set
1,2,zero_back,nback,0,True,True,True,sub-01\ses-S2\eeg\zeroBACK.set
1,2,one_back,nback,1,True,True,True,sub-01\ses-S2\eeg\oneBACK.set
1,2,two_back,nback,2,True,True,True,sub-01\ses-S2\eeg\twoBACK.set
1,2,matb_easy,matb,0,True,True,True,sub-01\ses-S2\eeg\MATBeasy.set
1,2,matb_medium,matb,1,True,True,True,sub-01\ses-S2\eeg\MATBmed.set
1,2,matb_difficult,matb,2,True,True,True,sub-01\ses-S2\eeg\MATBdiff.set
1,3,zero_back,nback,0,True,True,True,sub-01\ses-S3\eeg\zeroBACK.set
1,3,one_back,nback,1,True,True,True,sub-01\ses-S3\eeg\oneBACK.set
1,3,two_back,nback,2,True,True,True,sub-01\ses-S3\eeg\twoBACK.set
1,3,matb_easy,matb,0,True,True,True,sub-01\ses-S3\eeg\MATBeasy.set
1,3,matb_medium,matb,1,True,True,True,sub-01\ses-S3\eeg\MATBmed.set
1,3,matb_difficult,matb,2,True,True,True,sub-01\ses-S3\eeg\MATBdiff.set
2,1,zero_back,nback,0,True,True,True,sub-02\ses-S1\eeg\zeroBACK.set
2,1,one_back,nback,1,True,True,True,sub-02\ses-S1\eeg\oneBACK.set
2,1,two_back,nback,2,True,True,True,sub-02\ses-S1\eeg\twoBACK.set
2,1,matb_easy,matb,0,True,True,True,sub-02\ses-S1\eeg\MATBeasy.set
2,1,matb_medium,matb,1,True,True,True,sub-02\ses-S1\eeg\MATBmed.set
2,1,matb_difficult,matb,2,True,True,True,sub-02\ses-S1\eeg\MATBdiff.set
2,2,zero_back,nback,0,True,True,True,sub-02\ses-S2\eeg\zeroBACK.set
2,2,one_back,nback,1,True,True,True,sub-02\ses-S2\eeg\oneBACK.set
2,2,two_back,nback,2,True,True,True,sub-02\ses-S2\eeg\twoBACK.set
2,2,matb_easy,matb,0,True,True,True,sub-02\ses-S2\eeg\MATBeasy.set
2,2,matb_medium,matb,1,True,True,True,sub-02\ses-S2\eeg\MATBmed.set
2,2,matb_difficult,matb,2,True,True,True,sub-02\ses-S2\eeg\MATBdiff.set
2,3,zero_back,nback,0,True,True,True,sub-02\ses-S3\eeg\zeroBACK.set
2,3,one_back,nback,1,True,True,True,sub-02\ses-S3\eeg\oneBACK.set
2,3,two_back,nback,2,True,True,True,sub-02\ses-S3\eeg\twoBACK.set
2,3,matb_easy,matb,0,True,True,True,sub-02\ses-S3\eeg\MATBeasy.set
2,3,matb_medium,matb,1,True,True,True,sub-02\ses-S3\eeg\MATBmed.set
2,3,matb_difficult,matb,2,True,True,True,sub-02\ses-S3\eeg\MATBdiff.set
3,1,zero_back,nback,0,True,True,True,sub-03\ses-S1\eeg\zeroBACK.set
3,1,one_back,nback,1,True,True,True,sub-03\ses-S1\eeg\oneBACK.set
3,1,two_back,nback,2,True,True,True,sub-03\ses-S1\eeg\twoBACK.set
3,1,matb_easy,matb,0,True,True,True,sub-03\ses-S1\eeg\MATBeasy.set
3,1,matb_medium,matb,1,True,True,True,sub-03\ses-S1\eeg\MATBmed.set
3,1,matb_difficult,matb,2,True,True,True,sub-03\ses-S1\eeg\MATBdiff.set
3,2,zero_back,nback,0,True,True,True,sub-03\ses-S2\eeg\zeroBACK.set
3,2,one_back,nback,1,True,True,True,sub-03\ses-S2\eeg\oneBACK.set
3,2,two_back,nback,2,True,True,True,sub-03\ses-S2\eeg\twoBACK.set
3,2,matb_easy,matb,0,True,True,True,sub-03\ses-S2\eeg\MATBeasy.set
3,2,matb_medium,matb,1,True,True,True,sub-03\ses-S2\eeg\MATBmed.set
3,2,matb_difficult,matb,2,True,True,True,sub-03\ses-S2\eeg\MATBdiff.set
3,3,zero_back,nback,0,True,True,True,sub-03\ses-S3\eeg\zeroBACK.set
3,3,one_back,nback,1,True,True,True,sub-03\ses-S3\eeg\oneBACK.set
3,3,two_back,nback,2,True,True,True,sub-03\ses-S3\eeg\twoBACK.set
3,3,matb_easy,matb,0,True,True,True,sub-03\ses-S3\eeg\MATBeasy.set
3,3,matb_medium,matb,1,True,True,True,sub-03\ses-S3\eeg\MATBmed.set
3,3,matb_difficult,matb,2,True,True,True,sub-03\ses-S3\eeg\MATBdiff.set
4,1,zero_back,nback,0,True,True,True,sub-04\ses-S1\eeg\zeroBACK.set
4,1,one_back,nback,1,True,True,True,sub-04\ses-S1\eeg\oneBACK.set
4,1,two_back,nback,2,True,True,True,sub-04\ses-S1\eeg\twoBACK.set
4,1,matb_easy,matb,0,True,True,True,sub-04\ses-S1\eeg\MATBeasy.set
4,1,matb_medium,matb,1,True,True,True,sub-04\ses-S1\eeg\MATBmed.set
4,1,matb_difficult,matb,2,True,True,True,sub-04\ses-S1\eeg\MATBdiff.set
4,2,zero_back,nback,0,True,True,True,sub-04\ses-S2\eeg\zeroBACK.set
4,2,one_back,nback,1,True,True,True,sub-04\ses-S2\eeg\oneBACK.set
4,2,two_back,nback,2,True,True,True,sub-04\ses-S2\eeg\twoBACK.set
4,2,matb_easy,matb,0,True,True,True,sub-04\ses-S2\eeg\MATBeasy.set
4,2,matb_medium,matb,1,True,True,True,sub-04\ses-S2\eeg\MATBmed.set
4,2,matb_difficult,matb,2,True,True,True,sub-04\ses-S2\eeg\MATBdiff.set
4,3,zero_back,nback,0,True,True,True,sub-04\ses-S3\eeg\zeroBACK.set
4,3,one_back,nback,1,True,True,True,sub-04\ses-S3\eeg\oneBACK.set
4,3,two_back,nback,2,True,True,True,sub-04\ses-S3\eeg\twoBACK.set
4,3,matb_easy,matb,0,True,True,True,sub-04\ses-S3\eeg\MATBeasy.set
4,3,matb_medium,matb,1,True,True,True,sub-04\ses-S3\eeg\MATBmed.set
4,3,matb_difficult,matb,2,True,True,True,sub-04\ses-S3\eeg\MATBdiff.set
5,1,zero_back,nback,0,True,True,True,sub-05\ses-S1\eeg\zeroBACK.set
5,1,one_back,nback,1,True,True,True,sub-05\ses-S1\eeg\oneBACK.set
5,1,two_back,nback,2,True,True,True,sub-05\ses-S1\eeg\twoBACK.set
5,1,matb_easy,matb,0,True,True,True,sub-05\ses-S1\eeg\MATBeasy.set
5,1,matb_medium,matb,1,True,True,True,sub-05\ses-S1\eeg\MATBmed.set
5,1,matb_difficult,matb,2,True,True,True,sub-05\ses-S1\eeg\MATBdiff.set
5,2,zero_back,nback,0,True,True,True,sub-05\ses-S2\eeg\zeroBACK.set
5,2,one_back,nback,1,True,True,True,sub-05\ses-S2\eeg\oneBACK.set
5,2,two_back,nback,2,True,True,True,sub-05\ses-S2\eeg\twoBACK.set
5,2,matb_easy,matb,0,True,True,True,sub-05\ses-S2\eeg\MATBeasy.set
5,2,matb_medium,matb,1,True,True,True,sub-05\ses-S2\eeg\MATBmed.set
5,2,matb_difficult,matb,2,True,True,True,sub-05\ses-S2\eeg\MATBdiff.set
5,3,zero_back,nback,0,True,True,True,sub-05\ses-S3\eeg\zeroBACK.set
5,3,one_back,nback,1,True,True,True,sub-05\ses-S3\eeg\oneBACK.set
5,3,two_back,nback,2,True,True,True,sub-05\ses-S3\eeg\twoBACK.set
5,3,matb_easy,matb,0,True,True,True,sub-05\ses-S3\eeg\MATBeasy.set
5,3,matb_medium,matb,1,True,True,True,sub-05\ses-S3\eeg\MATBmed.set
5,3,matb_difficult,matb,2,True,True,True,sub-05\ses-S3\eeg\MATBdiff.set
6,1,zero_back,nback,0,True,True,True,sub-06\ses-S1\eeg\zeroBACK.set
6,1,one_back,nback,1,True,True,True,sub-06\ses-S1\eeg\oneBACK.set
6,1,two_back,nback,2,True,True,True,sub-06\ses-S1\eeg\twoBACK.set
6,1,matb_easy,matb,0,True,True,True,sub-06\ses-S1\eeg\MATBeasy.set
6,1,matb_medium,matb,1,True,True,True,sub-06\ses-S1\eeg\MATBmed.set
6,1,matb_difficult,matb,2,True,True,True,sub-06\ses-S1\eeg\MATBdiff.set
6,2,zero_back,nback,0,True,True,True,sub-06\ses-S2\eeg\zeroBACK.set
6,2,one_back,nback,1,True,True,True,sub-06\ses-S2\eeg\oneBACK.set
6,2,two_back,nback,2,True,True,True,sub-06\ses-S2\eeg\twoBACK.set
6,2,matb_easy,matb,0,True,True,True,sub-06\ses-S2\eeg\MATBeasy.set
6,2,matb_medium,matb,1,True,True,True,sub-06\ses-S2\eeg\MATBmed.set
6,2,matb_difficult,matb,2,True,True,True,sub-06\ses-S2\eeg\MATBdiff.set
6,3,zero_back,nback,0,True,True,True,sub-06\ses-S3\eeg\zeroBACK.set
6,3,one_back,nback,1,True,True,True,sub-06\ses-S3\eeg\oneBACK.set
6,3,two_back,nback,2,True,True,True,sub-06\ses-S3\eeg\twoBACK.set
6,3,matb_easy,matb,0,True,True,True,sub-06\ses-S3\eeg\MATBeasy.set
6,3,matb_medium,matb,1,True,True,True,sub-06\ses-S3\eeg\MATBmed.set
6,3,matb_difficult,matb,2,True,True,True,sub-06\ses-S3\eeg\MATBdiff.set
7,1,zero_back,nback,0,True,True,True,sub-07\ses-S1\eeg\zeroBACK.set
7,1,one_back,nback,1,True,True,True,sub-07\ses-S1\eeg\oneBACK.set
7,1,two_back,nback,2,True,True,True,sub-07\ses-S1\eeg\twoBACK.set
7,1,matb_easy,matb,0,True,True,True,sub-07\ses-S1\eeg\MATBeasy.set
7,1,matb_medium,matb,1,True,True,True,sub-07\ses-S1\eeg\MATBmed.set
7,1,matb_difficult,matb,2,True,True,True,sub-07\ses-S1\eeg\MATBdiff.set
7,2,zero_back,nback,0,True,True,True,sub-07\ses-S2\eeg\zeroBACK.set
7,2,one_back,nback,1,True,True,True,sub-07\ses-S2\eeg\oneBACK.set
7,2,two_back,nback,2,True,True,True,sub-07\ses-S2\eeg\twoBACK.set
7,2,matb_easy,matb,0,True,True,True,sub-07\ses-S2\eeg\MATBeasy.set
7,2,matb_medium,matb,1,True,True,True,sub-07\ses-S2\eeg\MATBmed.set
7,2,matb_difficult,matb,2,True,True,True,sub-07\ses-S2\eeg\MATBdiff.set
7,3,zero_back,nback,0,True,True,True,sub-07\ses-S3\eeg\zeroBACK.set
7,3,one_back,nback,1,True,True,True,sub-07\ses-S3\eeg\oneBACK.set
7,3,two_back,nback,2,True,True,True,sub-07\ses-S3\eeg\twoBACK.set
7,3,matb_easy,matb,0,True,True,True,sub-07\ses-S3\eeg\MATBeasy.set
7,3,matb_medium,matb,1,True,True,True,sub-07\ses-S3\eeg\MATBmed.set
7,3,matb_difficult,matb,2,True,True,True,sub-07\ses-S3\eeg\MATBdiff.set
8,1,zero_back,nback,0,True,True,True,sub-08\ses-S1\eeg\zeroBACK.set
8,1,one_back,nback,1,True,True,True,sub-08\ses-S1\eeg\oneBACK.set
8,1,two_back,nback,2,True,True,True,sub-08\ses-S1\eeg\twoBACK.set
8,1,matb_easy,matb,0,True,True,True,sub-08\ses-S1\eeg\MATBeasy.set
8,1,matb_medium,matb,1,True,True,True,sub-08\ses-S1\eeg\MATBmed.set
8,1,matb_difficult,matb,2,True,True,True,sub-08\ses-S1\eeg\MATBdiff.set
8,2,zero_back,nback,0,True,True,True,sub-08\ses-S2\eeg\zeroBACK.set
8,2,one_back,nback,1,True,True,True,sub-08\ses-S2\eeg\oneBACK.set
8,2,two_back,nback,2,True,True,True,sub-08\ses-S2\eeg\twoBACK.set
8,2,matb_easy,matb,0,True,True,True,sub-08\ses-S2\eeg\MATBeasy.set
8,2,matb_medium,matb,1,True,True,True,sub-08\ses-S2\eeg\MATBmed.set
8,2,matb_difficult,matb,2,True,True,True,sub-08\ses-S2\eeg\MATBdiff.set
8,3,zero_back,nback,0,True,True,True,sub-08\ses-S3\eeg\zeroBACK.set
8,3,one_back,nback,1,True,True,True,sub-08\ses-S3\eeg\oneBACK.set
8,3,two_back,nback,2,True,True,True,sub-08\ses-S3\eeg\twoBACK.set
8,3,matb_easy,matb,0,True,True,True,sub-08\ses-S3\eeg\MATBeasy.set
8,3,matb_medium,matb,1,True,True,True,sub-08\ses-S3\eeg\MATBmed.set
8,3,matb_difficult,matb,2,True,True,True,sub-08\ses-S3\eeg\MATBdiff.set
9,1,zero_back,nback,0,True,True,True,sub-09\ses-S1\eeg\zeroBACK.set
9,1,one_back,nback,1,True,True,True,sub-09\ses-S1\eeg\oneBACK.set
9,1,two_back,nback,2,True,True,True,sub-09\ses-S1\eeg\twoBACK.set
9,1,matb_easy,matb,0,True,True,True,sub-09\ses-S1\eeg\MATBeasy.set
9,1,matb_medium,matb,1,True,True,True,sub-09\ses-S1\eeg\MATBmed.set
9,1,matb_difficult,matb,2,True,True,True,sub-09\ses-S1\eeg\MATBdiff.set
9,2,zero_back,nback,0,True,True,True,sub-09\ses-S2\eeg\zeroBACK.set
9,2,one_back,nback,1,True,True,True,sub-09\ses-S2\eeg\oneBACK.set
9,2,two_back,nback,2,True,True,True,sub-09\ses-S2\eeg\twoBACK.set
9,2,matb_easy,matb,0,True,True,True,sub-09\ses-S2\eeg\MATBeasy.set
9,2,matb_medium,matb,1,True,True,True,sub-09\ses-S2\eeg\MATBmed.set
9,2,matb_difficult,matb,2,True,True,True,sub-09\ses-S2\eeg\MATBdiff.set
9,3,zero_back,nback,0,True,True,True,sub-09\ses-S3\eeg\zeroBACK.set
9,3,one_back,nback,1,True,True,True,sub-09\ses-S3\eeg\oneBACK.set
9,3,two_back,nback,2,True,True,True,sub-09\ses-S3\eeg\twoBACK.set
9,3,matb_easy,matb,0,True,True,True,sub-09\ses-S3\eeg\MATBeasy.set
9,3,matb_medium,matb,1,True,True,True,sub-09\ses-S3\eeg\MATBmed.set
9,3,matb_difficult,matb,2,True,True,True,sub-09\ses-S3\eeg\MATBdiff.set
10,1,zero_back,nback,0,True,True,True,sub-10\ses-S1\eeg\zeroBACK.set
10,1,one_back,nback,1,True,True,True,sub-10\ses-S1\eeg\oneBACK.set
10,1,two_back,nback,2,True,True,True,sub-10\ses-S1\eeg\twoBACK.set
10,1,matb_easy,matb,0,True,True,True,sub-10\ses-S1\eeg\MATBeasy.set
10,1,matb_medium,matb,1,True,True,True,sub-10\ses-S1\eeg\MATBmed.set
10,1,matb_difficult,matb,2,True,True,True,sub-10\ses-S1\eeg\MATBdiff.set
10,2,zero_back,nback,0,True,True,True,sub-10\ses-S2\eeg\zeroBACK.set
10,2,one_back,nback,1,True,True,True,sub-10\ses-S2\eeg\oneBACK.set
10,2,two_back,nback,2,True,True,True,sub-10\ses-S2\eeg\twoBACK.set
10,2,matb_easy,matb,0,True,True,True,sub-10\ses-S2\eeg\MATBeasy.set
10,2,matb_medium,matb,1,True,True,True,sub-10\ses-S2\eeg\MATBmed.set
10,2,matb_difficult,matb,2,True,True,True,sub-10\ses-S2\eeg\MATBdiff.set
10,3,zero_back,nback,0,True,True,True,sub-10\ses-S3\eeg\zeroBACK.set
10,3,one_back,nback,1,True,True,True,sub-10\ses-S3\eeg\oneBACK.set
10,3,two_back,nback,2,True,True,True,sub-10\ses-S3\eeg\twoBACK.set
10,3,matb_easy,matb,0,True,True,True,sub-10\ses-S3\eeg\MATBeasy.set
10,3,matb_medium,matb,1,True,True,True,sub-10\ses-S3\eeg\MATBmed.set
10,3,matb_difficult,matb,2,True,True,True,sub-10\ses-S3\eeg\MATBdiff.set
11,1,zero_back,nback,0,True,True,True,sub-11\ses-S1\eeg\zeroBACK.set
11,1,one_back,nback,1,True,True,True,sub-11\ses-S1\eeg\oneBACK.set
11,1,two_back,nback,2,True,True,True,sub-11\ses-S1\eeg\twoBACK.set
11,1,matb_easy,matb,0,True,True,True,sub-11\ses-S1\eeg\MATBeasy.set
11,1,matb_medium,matb,1,True,True,True,sub-11\ses-S1\eeg\MATBmed.set
11,1,matb_difficult,matb,2,True,True,True,sub-11\ses-S1\eeg\MATBdiff.set
11,2,zero_back,nback,0,True,True,True,sub-11\ses-S2\eeg\zeroBACK.set
11,2,one_back,nback,1,True,True,True,sub-11\ses-S2\eeg\oneBACK.set
11,2,two_back,nback,2,True,True,True,sub-11\ses-S2\eeg\twoBACK.set
11,2,matb_easy,matb,0,True,True,True,sub-11\ses-S2\eeg\MATBeasy.set
11,2,matb_medium,matb,1,True,True,True,sub-11\ses-S2\eeg\MATBmed.set
11,2,matb_difficult,matb,2,True,True,True,sub-11\ses-S2\eeg\MATBdiff.set
11,3,zero_back,nback,0,True,True,True,sub-11\ses-S3\eeg\zeroBACK.set
11,3,one_back,nback,1,True,True,True,sub-11\ses-S3\eeg\oneBACK.set
11,3,two_back,nback,2,True,True,True,sub-11\ses-S3\eeg\twoBACK.set
11,3,matb_easy,matb,0,True,True,True,sub-11\ses-S3\eeg\MATBeasy.set
11,3,matb_medium,matb,1,True,True,True,sub-11\ses-S3\eeg\MATBmed.set
11,3,matb_difficult,matb,2,True,True,True,sub-11\ses-S3\eeg\MATBdiff.set
12,1,zero_back,nback,0,True,True,True,sub-12\ses-S1\eeg\zeroBACK.set
12,1,one_back,nback,1,True,True,True,sub-12\ses-S1\eeg\oneBACK.set
12,1,two_back,nback,2,True,True,True,sub-12\ses-S1\eeg\twoBACK.set
12,1,matb_easy,matb,0,True,True,True,sub-12\ses-S1\eeg\MATBeasy.set
12,1,matb_medium,matb,1,True,True,True,sub-12\ses-S1\eeg\MATBmed.set
12,1,matb_difficult,matb,2,True,True,True,sub-12\ses-S1\eeg\MATBdiff.set
12,2,zero_back,nback,0,True,True,True,sub-12\ses-S2\eeg\zeroBACK.set
12,2,one_back,nback,1,True,True,True,sub-12\ses-S2\eeg\oneBACK.set
12,2,two_back,nback,2,True,True,True,sub-12\ses-S2\eeg\twoBACK.set
12,2,matb_easy,matb,0,True,True,True,sub-12\ses-S2\eeg\MATBeasy.set
12,2,matb_medium,matb,1,True,True,True,sub-12\ses-S2\eeg\MATBmed.set
12,2,matb_difficult,matb,2,True,True,True,sub-12\ses-S2\eeg\MATBdiff.set
12,3,zero_back,nback,0,True,True,True,sub-12\ses-S3\eeg\zeroBACK.set
12,3,one_back,nback,1,True,True,True,sub-12\ses-S3\eeg\oneBACK.set
12,3,two_back,nback,2,True,True,True,sub-12\ses-S3\eeg\twoBACK.set
12,3,matb_easy,matb,0,True,True,True,sub-12\ses-S3\eeg\MATBeasy.set
12,3,matb_medium,matb,1,True,True,True,sub-12\ses-S3\eeg\MATBmed.set
12,3,matb_difficult,matb,2,True,True,True,sub-12\ses-S3\eeg\MATBdiff.set
13,1,zero_back,nback,0,True,True,True,sub-13\ses-S1\eeg\zeroBACK.set
13,1,one_back,nback,1,True,True,True,sub-13\ses-S1\eeg\oneBACK.set
13,1,two_back,nback,2,True,True,True,sub-13\ses-S1\eeg\twoBACK.set
13,1,matb_easy,matb,0,True,True,True,sub-13\ses-S1\eeg\MATBeasy.set
13,1,matb_medium,matb,1,True,True,True,sub-13\ses-S1\eeg\MATBmed.set
13,1,matb_difficult,matb,2,True,True,True,sub-13\ses-S1\eeg\MATBdiff.set
13,2,zero_back,nback,0,True,True,True,sub-13\ses-S2\eeg\zeroBACK.set
13,2,one_back,nback,1,True,True,True,sub-13\ses-S2\eeg\oneBACK.set
13,2,two_back,nback,2,True,True,True,sub-13\ses-S2\eeg\twoBACK.set
13,2,matb_easy,matb,0,True,True,True,sub-13\ses-S2\eeg\MATBeasy.set
13,2,matb_medium,matb,1,True,True,True,sub-13\ses-S2\eeg\MATBmed.set
13,2,matb_difficult,matb,2,True,True,True,sub-13\ses-S2\eeg\MATBdiff.set
13,3,zero_back,nback,0,True,True,True,sub-13\ses-S3\eeg\zeroBACK.set
13,3,one_back,nback,1,True,True,True,sub-13\ses-S3\eeg\oneBACK.set
13,3,two_back,nback,2,True,True,True,sub-13\ses-S3\eeg\twoBACK.set
13,3,matb_easy,matb,0,True,True,True,sub-13\ses-S3\eeg\MATBeasy.set
13,3,matb_medium,matb,1,True,True,True,sub-13\ses-S3\eeg\MATBmed.set
13,3,matb_difficult,matb,2,True,True,True,sub-13\ses-S3\eeg\MATBdiff.set
14,1,zero_back,nback,0,True,True,True,sub-14\ses-S1\eeg\zeroBACK.set
14,1,one_back,nback,1,True,True,True,sub-14\ses-S1\eeg\oneBACK.set
14,1,two_back,nback,2,True,True,True,sub-14\ses-S1\eeg\twoBACK.set
14,1,matb_easy,matb,0,True,True,True,sub-14\ses-S1\eeg\MATBeasy.set
14,1,matb_medium,matb,1,True,True,True,sub-14\ses-S1\eeg\MATBmed.set
14,1,matb_difficult,matb,2,True,True,True,sub-14\ses-S1\eeg\MATBdiff.set
14,2,zero_back,nback,0,True,True,True,sub-14\ses-S2\eeg\zeroBACK.set
14,2,one_back,nback,1,True,True,True,sub-14\ses-S2\eeg\oneBACK.set
14,2,two_back,nback,2,True,True,True,sub-14\ses-S2\eeg\twoBACK.set
14,2,matb_easy,matb,0,True,True,True,sub-14\ses-S2\eeg\MATBeasy.set
14,2,matb_medium,matb,1,True,True,True,sub-14\ses-S2\eeg\MATBmed.set
14,2,matb_difficult,matb,2,True,True,True,sub-14\ses-S2\eeg\MATBdiff.set
14,3,zero_back,nback,0,True,True,True,sub-14\ses-S3\eeg\zeroBACK.set
14,3,one_back,nback,1,True,True,True,sub-14\ses-S3\eeg\oneBACK.set
14,3,two_back,nback,2,True,True,True,sub-14\ses-S3\eeg\twoBACK.set
14,3,matb_easy,matb,0,True,True,True,sub-14\ses-S3\eeg\MATBeasy.set
14,3,matb_medium,matb,1,True,True,True,sub-14\ses-S3\eeg\MATBmed.set
14,3,matb_difficult,matb,2,True,True,True,sub-14\ses-S3\eeg\MATBdiff.set
15,1,zero_back,nback,0,True,True,True,sub-15\ses-S1\eeg\zeroBACK.set
15,1,one_back,nback,1,True,True,True,sub-15\ses-S1\eeg\oneBACK.set
15,1,two_back,nback,2,True,True,True,sub-15\ses-S1\eeg\twoBACK.set
15,1,matb_easy,matb,0,True,True,True,sub-15\ses-S1\eeg\MATBeasy.set
15,1,matb_medium,matb,1,True,True,True,sub-15\ses-S1\eeg\MATBmed.set
15,1,matb_difficult,matb,2,True,True,True,sub-15\ses-S1\eeg\MATBdiff.set
15,2,zero_back,nback,0,True,True,True,sub-15\ses-S2\eeg\zeroBACK.set
15,2,one_back,nback,1,True,True,True,sub-15\ses-S2\eeg\oneBACK.set
15,2,two_back,nback,2,True,True,True,sub-15\ses-S2\eeg\twoBACK.set
15,2,matb_easy,matb,0,True,True,True,sub-15\ses-S2\eeg\MATBeasy.set
15,2,matb_medium,matb,1,True,True,True,sub-15\ses-S2\eeg\MATBmed.set
15,2,matb_difficult,matb,2,True,True,True,sub-15\ses-S2\eeg\MATBdiff.set
15,3,zero_back,nback,0,True,True,True,sub-15\ses-S3\eeg\zeroBACK.set
15,3,one_back,nback,1,True,True,True,sub-15\ses-S3\eeg\oneBACK.set
15,3,two_back,nback,2,True,True,True,sub-15\ses-S3\eeg\twoBACK.set
15,3,matb_easy,matb,0,True,True,True,sub-15\ses-S3\eeg\MATBeasy.set
15,3,matb_medium,matb,1,True,True,True,sub-15\ses-S3\eeg\MATBmed.set
15,3,matb_difficult,matb,2,True,True,True,sub-15\ses-S3\eeg\MATBdiff.set
16,1,zero_back,nback,0,True,True,True,sub-16\ses-S1\eeg\zeroBACK.set
16,1,one_back,nback,1,True,True,True,sub-16\ses-S1\eeg\oneBACK.set
16,1,two_back,nback,2,True,True,True,sub-16\ses-S1\eeg\twoBACK.set
16,1,matb_easy,matb,0,True,True,True,sub-16\ses-S1\eeg\MATBeasy.set
16,1,matb_medium,matb,1,True,True,True,sub-16\ses-S1\eeg\MATBmed.set
16,1,matb_difficult,matb,2,True,True,True,sub-16\ses-S1\eeg\MATBdiff.set
16,2,zero_back,nback,0,True,True,True,sub-16\ses-S2\eeg\zeroBACK.set
16,2,one_back,nback,1,True,True,True,sub-16\ses-S2\eeg\oneBACK.set
16,2,two_back,nback,2,True,True,True,sub-16\ses-S2\eeg\twoBACK.set
16,2,matb_easy,matb,0,True,True,True,sub-16\ses-S2\eeg\MATBeasy.set
16,2,matb_medium,matb,1,True,True,True,sub-16\ses-S2\eeg\MATBmed.set
16,2,matb_difficult,matb,2,True,True,True,sub-16\ses-S2\eeg\MATBdiff.set
16,3,zero_back,nback,0,True,True,True,sub-16\ses-S3\eeg\zeroBACK.set
16,3,one_back,nback,1,True,True,True,sub-16\ses-S3\eeg\oneBACK.set
16,3,two_back,nback,2,True,True,True,sub-16\ses-S3\eeg\twoBACK.set
16,3,matb_easy,matb,0,True,True,True,sub-16\ses-S3\eeg\MATBeasy.set
16,3,matb_medium,matb,1,True,True,True,sub-16\ses-S3\eeg\MATBmed.set
16,3,matb_difficult,matb,2,True,True,True,sub-16\ses-S3\eeg\MATBdiff.set
17,1,zero_back,nback,0,True,True,True,sub-17\ses-S1\eeg\zeroBACK.set
17,1,one_back,nback,1,True,True,True,sub-17\ses-S1\eeg\oneBACK.set
17,1,two_back,nback,2,True,True,True,sub-17\ses-S1\eeg\twoBACK.set
17,1,matb_easy,matb,0,True,True,True,sub-17\ses-S1\eeg\MATBeasy.set
17,1,matb_medium,matb,1,True,True,True,sub-17\ses-S1\eeg\MATBmed.set
17,1,matb_difficult,matb,2,True,True,True,sub-17\ses-S1\eeg\MATBdiff.set
17,2,zero_back,nback,0,True,True,True,sub-17\ses-S2\eeg\zeroBACK.set
17,2,one_back,nback,1,True,True,True,sub-17\ses-S2\eeg\oneBACK.set
17,2,two_back,nback,2,True,True,True,sub-17\ses-S2\eeg\twoBACK.set
17,2,matb_easy,matb,0,True,True,True,sub-17\ses-S2\eeg\MATBeasy.set
17,2,matb_medium,matb,1,True,True,True,sub-17\ses-S2\eeg\MATBmed.set
17,2,matb_difficult,matb,2,True,True,True,sub-17\ses-S2\eeg\MATBdiff.set
17,3,zero_back,nback,0,True,True,True,sub-17\ses-S3\eeg\zeroBACK.set
17,3,one_back,nback,1,True,True,True,sub-17\ses-S3\eeg\oneBACK.set
17,3,two_back,nback,2,True,True,True,sub-17\ses-S3\eeg\twoBACK.set
17,3,matb_easy,matb,0,True,True,True,sub-17\ses-S3\eeg\MATBeasy.set
17,3,matb_medium,matb,1,True,True,True,sub-17\ses-S3\eeg\MATBmed.set
17,3,matb_difficult,matb,2,True,True,True,sub-17\ses-S3\eeg\MATBdiff.set
18,1,zero_back,nback,0,True,True,True,sub-18\ses-S1\eeg\zeroBACK.set
18,1,one_back,nback,1,True,True,True,sub-18\ses-S1\eeg\oneBACK.set
18,1,two_back,nback,2,True,True,True,sub-18\ses-S1\eeg\twoBACK.set
18,1,matb_easy,matb,0,True,True,True,sub-18\ses-S1\eeg\MATBeasy.set
18,1,matb_medium,matb,1,True,True,True,sub-18\ses-S1\eeg\MATBmed.set
18,1,matb_difficult,matb,2,True,True,True,sub-18\ses-S1\eeg\MATBdiff.set
18,2,zero_back,nback,0,True,True,True,sub-18\ses-S2\eeg\zeroBACK.set
18,2,one_back,nback,1,True,True,True,sub-18\ses-S2\eeg\oneBACK.set
18,2,two_back,nback,2,True,True,True,sub-18\ses-S2\eeg\twoBACK.set
18,2,matb_easy,matb,0,True,True,True,sub-18\ses-S2\eeg\MATBeasy.set
18,2,matb_medium,matb,1,True,True,True,sub-18\ses-S2\eeg\MATBmed.set
18,2,matb_difficult,matb,2,True,True,True,sub-18\ses-S2\eeg\MATBdiff.set
18,3,zero_back,nback,0,True,True,True,sub-18\ses-S3\eeg\zeroBACK.set
18,3,one_back,nback,1,True,True,True,sub-18\ses-S3\eeg\oneBACK.set
18,3,two_back,nback,2,True,True,True,sub-18\ses-S3\eeg\twoBACK.set
18,3,matb_easy,matb,0,True,True,True,sub-18\ses-S3\eeg\MATBeasy.set
18,3,matb_medium,matb,1,True,True,True,sub-18\ses-S3\eeg\MATBmed.set
18,3,matb_difficult,matb,2,True,True,True,sub-18\ses-S3\eeg\MATBdiff.set
19,1,zero_back,nback,0,True,True,True,sub-19\ses-S1\eeg\zeroBACK.set
19,1,one_back,nback,1,True,True,True,sub-19\ses-S1\eeg\oneBACK.set
19,1,two_back,nback,2,True,True,True,sub-19\ses-S1\eeg\twoBACK.set
19,1,matb_easy,matb,0,True,True,True,sub-19\ses-S1\eeg\MATBeasy.set
19,1,matb_medium,matb,1,True,True,True,sub-19\ses-S1\eeg\MATBmed.set
19,1,matb_difficult,matb,2,True,True,True,sub-19\ses-S1\eeg\MATBdiff.set
19,2,zero_back,nback,0,True,True,True,sub-19\ses-S2\eeg\zeroBACK.set
19,2,one_back,nback,1,True,True,True,sub-19\ses-S2\eeg\oneBACK.set
19,2,two_back,nback,2,True,True,True,sub-19\ses-S2\eeg\twoBACK.set
19,2,matb_easy,matb,0,True,True,True,sub-19\ses-S2\eeg\MATBeasy.set
19,2,matb_medium,matb,1,True,True,True,sub-19\ses-S2\eeg\MATBmed.set
19,2,matb_difficult,matb,2,True,True,True,sub-19\ses-S2\eeg\MATBdiff.set
19,3,zero_back,nback,0,True,True,True,sub-19\ses-S3\eeg\zeroBACK.set
19,3,one_back,nback,1,True,True,True,sub-19\ses-S3\eeg\oneBACK.set
19,3,two_back,nback,2,True,True,True,sub-19\ses-S3\eeg\twoBACK.set
19,3,matb_easy,matb,0,True,True,True,sub-19\ses-S3\eeg\MATBeasy.set
19,3,matb_medium,matb,1,True,True,True,sub-19\ses-S3\eeg\MATBmed.set
19,3,matb_difficult,matb,2,True,True,True,sub-19\ses-S3\eeg\MATBdiff.set
20,1,zero_back,nback,0,True,True,True,sub-20\ses-S1\eeg\zeroBACK.set
20,1,one_back,nback,1,True,True,True,sub-20\ses-S1\eeg\oneBACK.set
20,1,two_back,nback,2,True,True,True,sub-20\ses-S1\eeg\twoBACK.set
20,1,matb_easy,matb,0,True,True,True,sub-20\ses-S1\eeg\MATBeasy.set
20,1,matb_medium,matb,1,True,True,True,sub-20\ses-S1\eeg\MATBmed.set
20,1,matb_difficult,matb,2,True,True,True,sub-20\ses-S1\eeg\MATBdiff.set
20,2,zero_back,nback,0,True,True,True,sub-20\ses-S2\eeg\zeroBACK.set
20,2,one_back,nback,1,True,True,True,sub-20\ses-S2\eeg\oneBACK.set
20,2,two_back,nback,2,True,True,True,sub-20\ses-S2\eeg\twoBACK.set
20,2,matb_easy,matb,0,True,True,True,sub-20\ses-S2\eeg\MATBeasy.set
20,2,matb_medium,matb,1,True,True,True,sub-20\ses-S2\eeg\MATBmed.set
20,2,matb_difficult,matb,2,True,True,True,sub-20\ses-S2\eeg\MATBdiff.set
20,3,zero_back,nback,0,True,True,True,sub-20\ses-S3\eeg\zeroBACK.set
20,3,one_back,nback,1,True,True,True,sub-20\ses-S3\eeg\oneBACK.set
20,3,two_back,nback,2,True,True,True,sub-20\ses-S3\eeg\twoBACK.set
20,3,matb_easy,matb,0,True,True,True,sub-20\ses-S3\eeg\MATBeasy.set
20,3,matb_medium,matb,1,True,True,True,sub-20\ses-S3\eeg\MATBmed.set
20,3,matb_difficult,matb,2,True,True,True,sub-20\ses-S3\eeg\MATBdiff.set
21,1,zero_back,nback,0,True,True,True,sub-21\ses-S1\eeg\zeroBACK.set
21,1,one_back,nback,1,True,True,True,sub-21\ses-S1\eeg\oneBACK.set
21,1,two_back,nback,2,True,True,True,sub-21\ses-S1\eeg\twoBACK.set
21,1,matb_easy,matb,0,True,True,True,sub-21\ses-S1\eeg\MATBeasy.set
21,1,matb_medium,matb,1,True,True,True,sub-21\ses-S1\eeg\MATBmed.set
21,1,matb_difficult,matb,2,True,True,True,sub-21\ses-S1\eeg\MATBdiff.set
21,2,zero_back,nback,0,True,True,True,sub-21\ses-S2\eeg\zeroBACK.set
21,2,one_back,nback,1,True,True,True,sub-21\ses-S2\eeg\oneBACK.set
21,2,two_back,nback,2,True,True,True,sub-21\ses-S2\eeg\twoBACK.set
21,2,matb_easy,matb,0,True,True,True,sub-21\ses-S2\eeg\MATBeasy.set
21,2,matb_medium,matb,1,True,True,True,sub-21\ses-S2\eeg\MATBmed.set
21,2,matb_difficult,matb,2,True,True,True,sub-21\ses-S2\eeg\MATBdiff.set
21,3,zero_back,nback,0,True,True,True,sub-21\ses-S3\eeg\zeroBACK.set
21,3,one_back,nback,1,True,True,True,sub-21\ses-S3\eeg\oneBACK.set
21,3,two_back,nback,2,True,True,True,sub-21\ses-S3\eeg\twoBACK.set
21,3,matb_easy,matb,0,True,True,True,sub-21\ses-S3\eeg\MATBeasy.set
21,3,matb_medium,matb,1,True,True,True,sub-21\ses-S3\eeg\MATBmed.set
21,3,matb_difficult,matb,2,True,True,True,sub-21\ses-S3\eeg\MATBdiff.set
22,1,zero_back,nback,0,True,True,True,sub-22\ses-S1\eeg\zeroBACK.set
22,1,one_back,nback,1,True,True,True,sub-22\ses-S1\eeg\oneBACK.set
22,1,two_back,nback,2,True,True,True,sub-22\ses-S1\eeg\twoBACK.set
22,1,matb_easy,matb,0,True,True,True,sub-22\ses-S1\eeg\MATBeasy.set
22,1,matb_medium,matb,1,True,True,True,sub-22\ses-S1\eeg\MATBmed.set
22,1,matb_difficult,matb,2,True,True,True,sub-22\ses-S1\eeg\MATBdiff.set
22,2,zero_back,nback,0,True,True,True,sub-22\ses-S2\eeg\zeroBACK.set
22,2,one_back,nback,1,True,True,True,sub-22\ses-S2\eeg\oneBACK.set
22,2,two_back,nback,2,True,True,True,sub-22\ses-S2\eeg\twoBACK.set
22,2,matb_easy,matb,0,True,True,True,sub-22\ses-S2\eeg\MATBeasy.set
22,2,matb_medium,matb,1,True,True,True,sub-22\ses-S2\eeg\MATBmed.set
22,2,matb_difficult,matb,2,True,True,True,sub-22\ses-S2\eeg\MATBdiff.set
22,3,zero_back,nback,0,True,True,True,sub-22\ses-S3\eeg\zeroBACK.set
22,3,one_back,nback,1,True,True,True,sub-22\ses-S3\eeg\oneBACK.set
22,3,two_back,nback,2,True,True,True,sub-22\ses-S3\eeg\twoBACK.set
22,3,matb_easy,matb,0,True,True,True,sub-22\ses-S3\eeg\MATBeasy.set
22,3,matb_medium,matb,1,True,True,True,sub-22\ses-S3\eeg\MATBmed.set
22,3,matb_difficult,matb,2,True,True,True,sub-22\ses-S3\eeg\MATBdiff.set
23,1,zero_back,nback,0,True,True,True,sub-23\ses-S1\eeg\zeroBACK.set
23,1,one_back,nback,1,True,True,True,sub-23\ses-S1\eeg\oneBACK.set
23,1,two_back,nback,2,True,True,True,sub-23\ses-S1\eeg\twoBACK.set
23,1,matb_easy,matb,0,True,True,True,sub-23\ses-S1\eeg\MATBeasy.set
23,1,matb_medium,matb,1,True,True,True,sub-23\ses-S1\eeg\MATBmed.set
23,1,matb_difficult,matb,2,True,True,True,sub-23\ses-S1\eeg\MATBdiff.set
23,2,zero_back,nback,0,True,True,True,sub-23\ses-S2\eeg\zeroBACK.set
23,2,one_back,nback,1,True,True,True,sub-23\ses-S2\eeg\oneBACK.set
23,2,two_back,nback,2,True,True,True,sub-23\ses-S2\eeg\twoBACK.set
23,2,matb_easy,matb,0,True,True,True,sub-23\ses-S2\eeg\MATBeasy.set
23,2,matb_medium,matb,1,True,True,True,sub-23\ses-S2\eeg\MATBmed.set
23,2,matb_difficult,matb,2,True,True,True,sub-23\ses-S2\eeg\MATBdiff.set
23,3,zero_back,nback,0,True,True,True,sub-23\ses-S3\eeg\zeroBACK.set
23,3,one_back,nback,1,True,True,True,sub-23\ses-S3\eeg\oneBACK.set
23,3,two_back,nback,2,True,True,True,sub-23\ses-S3\eeg\twoBACK.set
23,3,matb_easy,matb,0,True,True,True,sub-23\ses-S3\eeg\MATBeasy.set
23,3,matb_medium,matb,1,True,True,True,sub-23\ses-S3\eeg\MATBmed.set
23,3,matb_difficult,matb,2,True,True,True,sub-23\ses-S3\eeg\MATBdiff.set
24,1,zero_back,nback,0,True,True,True,sub-24\ses-S1\eeg\zeroBACK.set
24,1,one_back,nback,1,True,True,True,sub-24\ses-S1\eeg\oneBACK.set
24,1,two_back,nback,2,True,True,True,sub-24\ses-S1\eeg\twoBACK.set
24,1,matb_easy,matb,0,True,True,True,sub-24\ses-S1\eeg\MATBeasy.set
24,1,matb_medium,matb,1,True,True,True,sub-24\ses-S1\eeg\MATBmed.set
24,1,matb_difficult,matb,2,True,True,True,sub-24\ses-S1\eeg\MATBdiff.set
24,2,zero_back,nback,0,True,True,True,sub-24\ses-S2\eeg\zeroBACK.set
24,2,one_back,nback,1,True,True,True,sub-24\ses-S2\eeg\oneBACK.set
24,2,two_back,nback,2,True,True,True,sub-24\ses-S2\eeg\twoBACK.set
24,2,matb_easy,matb,0,True,True,True,sub-24\ses-S2\eeg\MATBeasy.set
24,2,matb_medium,matb,1,True,True,True,sub-24\ses-S2\eeg\MATBmed.set
24,2,matb_difficult,matb,2,True,True,True,sub-24\ses-S2\eeg\MATBdiff.set
24,3,zero_back,nback,0,True,True,True,sub-24\ses-S3\eeg\zeroBACK.set
24,3,one_back,nback,1,True,True,True,sub-24\ses-S3\eeg\oneBACK.set
24,3,two_back,nback,2,True,True,True,sub-24\ses-S3\eeg\twoBACK.set
24,3,matb_easy,matb,0,True,True,True,sub-24\ses-S3\eeg\MATBeasy.set
24,3,matb_medium,matb,1,True,True,True,sub-24\ses-S3\eeg\MATBmed.set
24,3,matb_difficult,matb,2,True,True,True,sub-24\ses-S3\eeg\MATBdiff.set
25,1,zero_back,nback,0,True,True,True,sub-25\ses-S1\eeg\zeroBACK.set
25,1,one_back,nback,1,True,True,True,sub-25\ses-S1\eeg\oneBACK.set
25,1,two_back,nback,2,True,True,True,sub-25\ses-S1\eeg\twoBACK.set
25,1,matb_easy,matb,0,True,True,True,sub-25\ses-S1\eeg\MATBeasy.set
25,1,matb_medium,matb,1,True,True,True,sub-25\ses-S1\eeg\MATBmed.set
25,1,matb_difficult,matb,2,True,True,True,sub-25\ses-S1\eeg\MATBdiff.set
25,2,zero_back,nback,0,True,True,True,sub-25\ses-S2\eeg\zeroBACK.set
25,2,one_back,nback,1,True,True,True,sub-25\ses-S2\eeg\oneBACK.set
25,2,two_back,nback,2,True,True,True,sub-25\ses-S2\eeg\twoBACK.set
25,2,matb_easy,matb,0,True,True,True,sub-25\ses-S2\eeg\MATBeasy.set
25,2,matb_medium,matb,1,True,True,True,sub-25\ses-S2\eeg\MATBmed.set
25,2,matb_difficult,matb,2,True,True,True,sub-25\ses-S2\eeg\MATBdiff.set
25,3,zero_back,nback,0,True,True,True,sub-25\ses-S3\eeg\zeroBACK.set
25,3,one_back,nback,1,True,True,True,sub-25\ses-S3\eeg\oneBACK.set
25,3,two_back,nback,2,True,True,True,sub-25\ses-S3\eeg\twoBACK.set
25,3,matb_easy,matb,0,True,True,True,sub-25\ses-S3\eeg\MATBeasy.set
25,3,matb_medium,matb,1,True,True,True,sub-25\ses-S3\eeg\MATBmed.set
25,3,matb_difficult,matb,2,True,True,True,sub-25\ses-S3\eeg\MATBdiff.set
26,1,zero_back,nback,0,True,True,True,sub-26\ses-S1\eeg\zeroBACK.set
26,1,one_back,nback,1,True,True,True,sub-26\ses-S1\eeg\oneBACK.set
26,1,two_back,nback,2,True,True,True,sub-26\ses-S1\eeg\twoBACK.set
26,1,matb_easy,matb,0,True,True,True,sub-26\ses-S1\eeg\MATBeasy.set
26,1,matb_medium,matb,1,True,True,True,sub-26\ses-S1\eeg\MATBmed.set
26,1,matb_difficult,matb,2,True,True,True,sub-26\ses-S1\eeg\MATBdiff.set
26,2,zero_back,nback,0,True,True,True,sub-26\ses-S2\eeg\zeroBACK.set
26,2,one_back,nback,1,True,True,True,sub-26\ses-S2\eeg\oneBACK.set
26,2,two_back,nback,2,True,True,True,sub-26\ses-S2\eeg\twoBACK.set
26,2,matb_easy,matb,0,True,True,True,sub-26\ses-S2\eeg\MATBeasy.set
26,2,matb_medium,matb,1,True,True,True,sub-26\ses-S2\eeg\MATBmed.set
26,2,matb_difficult,matb,2,True,True,True,sub-26\ses-S2\eeg\MATBdiff.set
26,3,zero_back,nback,0,True,True,True,sub-26\ses-S3\eeg\zeroBACK.set
26,3,one_back,nback,1,True,True,True,sub-26\ses-S3\eeg\oneBACK.set
26,3,two_back,nback,2,True,True,True,sub-26\ses-S3\eeg\twoBACK.set
26,3,matb_easy,matb,0,True,True,True,sub-26\ses-S3\eeg\MATBeasy.set
26,3,matb_medium,matb,1,True,True,True,sub-26\ses-S3\eeg\MATBmed.set
26,3,matb_difficult,matb,2,True,True,True,sub-26\ses-S3\eeg\MATBdiff.set
27,1,zero_back,nback,0,True,True,True,sub-27\ses-S1\eeg\zeroBACK.set
27,1,one_back,nback,1,True,True,True,sub-27\ses-S1\eeg\oneBACK.set
27,1,two_back,nback,2,True,True,True,sub-27\ses-S1\eeg\twoBACK.set
27,1,matb_easy,matb,0,True,True,True,sub-27\ses-S1\eeg\MATBeasy.set
27,1,matb_medium,matb,1,True,True,True,sub-27\ses-S1\eeg\MATBmed.set
27,1,matb_difficult,matb,2,True,True,True,sub-27\ses-S1\eeg\MATBdiff.set
27,2,zero_back,nback,0,True,True,True,sub-27\ses-S2\eeg\zeroBACK.set
27,2,one_back,nback,1,True,True,True,sub-27\ses-S2\eeg\oneBACK.set
27,2,two_back,nback,2,True,True,True,sub-27\ses-S2\eeg\twoBACK.set
27,2,matb_easy,matb,0,True,True,True,sub-27\ses-S2\eeg\MATBeasy.set
27,2,matb_medium,matb,1,True,True,True,sub-27\ses-S2\eeg\MATBmed.set
27,2,matb_difficult,matb,2,True,True,True,sub-27\ses-S2\eeg\MATBdiff.set
27,3,zero_back,nback,0,True,True,True,sub-27\ses-S3\eeg\zeroBACK.set
27,3,one_back,nback,1,True,True,True,sub-27\ses-S3\eeg\oneBACK.set
27,3,two_back,nback,2,True,True,True,sub-27\ses-S3\eeg\twoBACK.set
27,3,matb_easy,matb,0,True,True,True,sub-27\ses-S3\eeg\MATBeasy.set
27,3,matb_medium,matb,1,True,True,True,sub-27\ses-S3\eeg\MATBmed.set
27,3,matb_difficult,matb,2,True,True,True,sub-27\ses-S3\eeg\MATBdiff.set
28,1,zero_back,nback,0,True,True,True,sub-28\ses-S1\eeg\zeroBACK.set
28,1,one_back,nback,1,True,True,True,sub-28\ses-S1\eeg\oneBACK.set
28,1,two_back,nback,2,True,True,True,sub-28\ses-S1\eeg\twoBACK.set
28,1,matb_easy,matb,0,True,True,True,sub-28\ses-S1\eeg\MATBeasy.set
28,1,matb_medium,matb,1,True,True,True,sub-28\ses-S1\eeg\MATBmed.set
28,1,matb_difficult,matb,2,True,True,True,sub-28\ses-S1\eeg\MATBdiff.set
28,2,zero_back,nback,0,True,True,True,sub-28\ses-S2\eeg\zeroBACK.set
28,2,one_back,nback,1,True,True,True,sub-28\ses-S2\eeg\oneBACK.set
28,2,two_back,nback,2,True,True,True,sub-28\ses-S2\eeg\twoBACK.set
28,2,matb_easy,matb,0,True,True,True,sub-28\ses-S2\eeg\MATBeasy.set
28,2,matb_medium,matb,1,True,True,True,sub-28\ses-S2\eeg\MATBmed.set
28,2,matb_difficult,matb,2,True,True,True,sub-28\ses-S2\eeg\MATBdiff.set
28,3,zero_back,nback,0,True,True,True,sub-28\ses-S3\eeg\zeroBACK.set
28,3,one_back,nback,1,True,True,True,sub-28\ses-S3\eeg\oneBACK.set
28,3,two_back,nback,2,True,True,True,sub-28\ses-S3\eeg\twoBACK.set
28,3,matb_easy,matb,0,True,True,True,sub-28\ses-S3\eeg\MATBeasy.set
28,3,matb_medium,matb,1,True,True,True,sub-28\ses-S3\eeg\MATBmed.set
28,3,matb_difficult,matb,2,True,True,True,sub-28\ses-S3\eeg\MATBdiff.set
29,1,zero_back,nback,0,True,True,True,sub-29\ses-S1\eeg\zeroBACK.set
29,1,one_back,nback,1,True,True,True,sub-29\ses-S1\eeg\oneBACK.set
29,1,two_back,nback,2,True,True,True,sub-29\ses-S1\eeg\twoBACK.set
29,1,matb_easy,matb,0,True,True,True,sub-29\ses-S1\eeg\MATBeasy.set
29,1,matb_medium,matb,1,True,True,True,sub-29\ses-S1\eeg\MATBmed.set
29,1,matb_difficult,matb,2,True,True,True,sub-29\ses-S1\eeg\MATBdiff.set
29,2,zero_back,nback,0,True,True,True,sub-29\ses-S2\eeg\zeroBACK.set
29,2,one_back,nback,1,True,True,True,sub-29\ses-S2\eeg\oneBACK.set
29,2,two_back,nback,2,True,True,True,sub-29\ses-S2\eeg\twoBACK.set
29,2,matb_easy,matb,0,True,True,True,sub-29\ses-S2\eeg\MATBeasy.set
29,2,matb_medium,matb,1,True,True,True,sub-29\ses-S2\eeg\MATBmed.set
29,2,matb_difficult,matb,2,True,True,True,sub-29\ses-S2\eeg\MATBdiff.set
29,3,zero_back,nback,0,True,True,True,sub-29\ses-S3\eeg\zeroBACK.set
29,3,one_back,nback,1,True,True,True,sub-29\ses-S3\eeg\oneBACK.set
29,3,two_back,nback,2,True,True,True,sub-29\ses-S3\eeg\twoBACK.set
29,3,matb_easy,matb,0,True,True,True,sub-29\ses-S3\eeg\MATBeasy.set
29,3,matb_medium,matb,1,True,True,True,sub-29\ses-S3\eeg\MATBmed.set
29,3,matb_difficult,matb,2,True,True,True,sub-29\ses-S3\eeg\MATBdiff.set
