subject,session,interrupted,order
1,1,False,one_back|matb_easy|two_back|pvt|zero_back|matb_medium|flanker|matb_difficult
1,2,False,matb_difficult|matb_easy|two_back|pvt|matb_medium|flanker|zero_back|one_back
1,3,False,two_back|zero_back|flanker|matb_easy|matb_difficult|pvt|one_back|matb_medium
2,1,True,zero_back|matb_medium|two_back|matb_easy|one_back|flanker|matb_difficult|pvt
2,2,False,matb_easy|one_back|two_back|matb_difficult|zero_back|pvt|matb_medium|flanker
2,3,False,zero_back|matb_easy|matb_medium|pvt|two_back|matb_difficult|flanker|one_back
3,1,False,zero_back|pvt|matb_difficult|one_back|two_back|matb_medium|flanker|matb_easy
3,2,False,matb_medium|two_back|matb_difficult|flanker|one_back|matb_easy|zero_back|pvt
3,3,False,matb_medium|one_back|matb_easy|zero_back|two_back|flanker|matb_difficult|pvt
4,1,False,pvt|matb_medium|matb_easy|matb_difficult|two_back|zero_back|flanker|one_back
4,2,False,pvt|two_back|one_back|matb_medium|matb_difficult|zero_back|flanker|matb_easy
4,3,False,matb_easy|two_back|pvt|matb_medium|one_back|flanker|matb_difficult|zero_back
5,1,False,matb_easy|matb_medium|pvt|one_back|zero_back|two_back|flanker|matb_difficult
5,2,True,flanker|pvt|matb_easy|matb_difficult|matb_medium|one_back|zero_back|two_back
5,3,False,matb_difficult|flanker|matb_easy|pvt|zero_back|two_back|matb_medium|one_back
6,1,False,flanker|pvt|matb_difficult|two_back|one_back|zero_back|matb_medium|matb_easy
6,2,False,matb_difficult|zero_back|two_back|matb_medium|pvt|flanker|matb_easy|one_back
6,3,False,zero_back|two_back|pvt|one_back|matb_medium|matb_difficult|flanker|matb_easy
7,1,False,pvt|flanker|two_back|matb_easy|zero_back|one_back|matb_difficult|matb_medium
7,2,False,two_back|pvt|matb_medium|one_back|matb_easy|matb_difficult|flanker|zero_back
7,3,False,matb_difficult|flanker|zero_back|pvt|matb_medium|two_back|matb_easy|one_back
8,1,True,one_back|pvt|matb_difficult|two_back|zero_back|matb_easy|matb_medium|flanker
8,2,False,two_back|pvt|flanker|matb_medium|matb_difficult|zero_back|matb_easy|one_back
8,3,False,two_back|matb_medium|matb_difficult|pvt|matb_easy|one_back|zero_back|flanker
9,1,True,two_back|matb_easy|matb_difficult|one_back|matb_medium|zero_back|flanker|pvt
9,2,False,pvt|matb_medium|zero_back|flanker|matb_difficult|matb_easy|one_back|two_back
9,3,False,two_back|flanker|pvt|one_back|matb_medium|matb_difficult|matb_easy|zero_back
10,1,False,matb_difficult|matb_medium|pvt|flanker|zero_back|two_back|one_back|matb_easy
10,2,False,one_back|matb_easy|pvt|zero_back|matb_difficult|matb_medium|two_back|flanker
10,3,False,two_back|matb_medium|matb_easy|flanker|pvt|one_back|zero_back|matb_difficult
11,1,False,matb_difficult|matb_medium|matb_easy|one_back|two_back|flanker|zero_back|pvt
11,2,False,pvt|matb_medium|flanker|zero_back|one_back|two_back|matb_easy|matb_difficult
11,3,False,matb_easy|two_back|matb_medium|flanker|zero_back|matb_difficult|one_back|pvt
12,1,False,matb_easy|flanker|matb_medium|one_back|pvt|zero_back|two_back|matb_difficult
12,2,True,pvt|two_back|matb_easy|flanker|matb_medium|one_back|zero_back|matb_difficult
12,3,False,pvt|matb_difficult|matb_easy|zero_back|one_back|two_back|flanker|matb_medium
13,1,False,pvt|one_back|matb_easy|two_back|flanker|zero_back|matb_medium|matb_difficult
13,2,False,two_back|matb_medium|one_back|matb_easy|matb_difficult|flanker|zero_back|pvt
13,3,False,pvt|one_back|matb_easy|matb_medium|flanker|matb_difficult|two_back|zero_back
14,1,False,flanker|zero_back|matb_easy|matb_difficult|matb_medium|pvt|two_back|one_back
14,2,False,flanker|one_back|matb_medium|matb_easy|two_back|matb_difficult|pvt|zero_back
14,3,False,matb_easy|two_back|matb_medium|matb_difficult|zero_back|pvt|flanker|one_back
15,1,False,matb_difficult|flanker|pvt|matb_easy|zero_back|two_back|one_back|matb_medium
15,2,False,flanker|matb_easy|one_back|matb_medium|zero_back|two_back|pvt|matb_difficult
15,3,False,zero_back|pvt|matb_medium|one_back|two_back|matb_difficult|flanker|matb_easy
16,1,False,one_back|matb_easy|two_back|zero_back|matb_medium|flanker|pvt|matb_difficult
16,2,True,zero_back|matb_easy|pvt|flanker|matb_medium|two_back|one_back|matb_difficult
16,3,False,one_back|two_back|matb_difficult|matb_medium|pvt|matb_easy|zero_back|flanker
17,1,False,pvt|matb_medium|matb_difficult|matb_easy|one_back|zero_back|flanker|two_back
17,2,False,two_back|matb_difficult|flanker|zero_back|one_back|matb_easy|matb_medium|pvt
17,3,False,pvt|matb_easy|zero_back|two_back|one_back|matb_medium|flanker|matb_difficult
18,1,False,zero_back|two_back|matb_difficult|matb_easy|pvt|flanker|one_back|matb_medium
18,2,False,matb_easy|zero_back|one_back|matb_difficult|matb_medium|pvt|two_back|flanker
18,3,False,matb_easy|two_back|matb_medium|matb_difficult|zero_back|pvt|flanker|one_back
19,1,False,zero_back|flanker|two_back|matb_easy|one_back|pvt|matb_medium|matb_difficult
19,2,False,pvt|one_back|flanker|zero_back|two_back|matb_difficult|matb_medium|matb_easy
19,3,False,one_back|pvt|matb_medium|matb_difficult|zero_back|flanker|two_back|matb_easy
20,1,False,pvt|zero_back|one_back|flanker|two_back|matb_medium|matb_difficult|matb_easy
20,2,False,two_back|matb_medium|matb_difficult|zero_back|one_back|matb_easy|pvt|flanker
20,3,False,flanker|pvt|matb_difficult|matb_medium|one_back|two_back|zero_back|matb_easy
21,1,False,two_back|matb_difficult|matb_easy|one_back|matb_medium|zero_back|flanker|pvt
21,2,False,one_back|matb_difficult|two_back|pvt|zero_back|flanker|matb_medium|matb_easy
21,3,False,one_back|flanker|matb_difficult|zero_back|two_back|matb_easy|matb_medium|pvt
22,1,False,two_back|flanker|pvt|zero_back|one_back|matb_easy|matb_difficult|matb_medium
22,2,False,zero_back|one_back|matb_difficult|matb_easy|two_back|pvt|matb_medium|flanker
22,3,True,flanker|zero_back|two_back|one_back|matb_medium|pvt|matb_difficult|matb_easy
23,1,False,matb_medium|pvt|one_back|flanker|matb_easy|matb_difficult|zero_back|two_back
23,2,False,one_back|matb_medium|matb_easy|zero_back|pvt|two_back|matb_difficult|flanker
23,3,False,zero_back|matb_easy|one_back|flanker|two_back|matb_difficult|pvt|matb_medium
24,1,False,pvt|two_back|zero_back|matb_easy|matb_medium|flanker|matb_difficult|one_back
24,2,False,zero_back|two_back|pvt|one_back|matb_medium|matb_easy|matb_difficult|flanker
24,3,False,one_back|pvt|matb_medium|zero_back|flanker|two_back|matb_easy|matb_difficult
25,1,False,flanker|pvt|matb_easy|matb_difficult|matb_medium|one_back|two_back|zero_back
25,2,False,two_back|pvt|zero_back|matb_medium|one_back|matb_difficult|flanker|matb_easy
25,3,False,two_back|one_back|flanker|matb_medium|zero_back|matb_easy|pvt|matb_difficult
26,1,False,one_back|zero_back|matb_easy|matb_difficult|matb_medium|pvt|two_back|flanker
26,2,False,matb_difficult|two_back|matb_medium|one_back|zero_back|matb_easy|pvt|flanker
26,3,False,two_back|matb_easy|zero_back|one_back|flanker|pvt|matb_difficult|matb_medium
27,1,False,zero_back|matb_medium|pvt|flanker|two_back|one_back|matb_easy|matb_difficult
27,2,False,flanker|matb_easy|matb_medium|one_back|matb_difficult|zero_back|two_back|pvt
27,3,False,flanker|pvt|two_back|zero_back|matb_easy|matb_difficult|one_back|matb_medium
28,1,False,zero_back|matb_difficult|two_back|one_back|pvt|matb_medium|matb_easy|flanker
28,2,False,zero_back|pvt|flanker|two_back|matb_difficult|one_back|matb_easy|matb_medium
28,3,False,matb_easy|zero_back|two_back|one_back|matb_difficult|matb_medium|pvt|flanker
29,1,False,one_back|matb_easy|flanker|pvt|matb_difficult|zero_back|matb_medium|two_back
29,2,False,pvt|flanker|zero_back|two_back|matb_medium|matb_easy|matb_difficult|one_back
29,3,True,matb_medium|one_back|matb_difficult|pvt|matb_easy|zero_back|two_back|flanker
